{
	"bmi-installation" : null,
	"compiler-frontend-variant" : "GNU",
	"compiler-id" : "GNU",
	"compiler-simulate-id" : "",
	"config" : "Debug",
	"cxx-modules" : {},
	"dir-cur-bld" : "/home/xinardelis/Documents/BSIUR/Bsuir_sem3/PPOIS_sem3/lw1_Pushko/cmake-build-debug-coverage",
	"dir-cur-src" : "/home/xinardelis/Documents/BSIUR/Bsuir_sem3/PPOIS_sem3/lw1_Pushko",
	"dir-top-bld" : "/home/xinardelis/Documents/BSIUR/Bsuir_sem3/PPOIS_sem3/lw1_Pushko/cmake-build-debug-coverage",
	"dir-top-src" : "/home/xinardelis/Documents/BSIUR/Bsuir_sem3/PPOIS_sem3/lw1_Pushko",
	"exports" : [],
	"forward-modules-from-target-dirs" : [],
	"include-dirs" : 
	[
		"/home/xinardelis/Documents/BSIUR/Bsuir_sem3/PPOIS_sem3/lw1_Pushko/include"
	],
	"language" : "CXX",
	"linked-target-dirs" : [],
	"module-dir" : "/home/xinardelis/Documents/BSIUR/Bsuir_sem3/PPOIS_sem3/lw1_Pushko/cmake-build-debug-coverage/CMakeFiles/dictionary.dir"
}